<?xml version="1.0" encoding="UTF-8"?>
<root>
  <item name="com.ashokvarma.bottomnavigation.BottomNavigationBar com.ashokvarma.bottomnavigation.BottomNavigationBar setBackgroundStyle(int) 0">
    <annotation name="android.support.annotation.IntDef">
      <val name="value" val="{com.ashokvarma.bottomnavigation.BottomNavigationBar.BACKGROUND_STYLE_DEFAULT, com.ashokvarma.bottomnavigation.BottomNavigationBar.BACKGROUND_STYLE_STATIC, com.ashokvarma.bottomnavigation.BottomNavigationBar.BACKGROUND_STYLE_RIPPLE}" />
    </annotation>
  </item>
  <item name="com.ashokvarma.bottomnavigation.BottomNavigationBar com.ashokvarma.bottomnavigation.BottomNavigationBar setMode(int) 0">
    <annotation name="android.support.annotation.IntDef">
      <val name="value" val="{com.ashokvarma.bottomnavigation.BottomNavigationBar.MODE_DEFAULT, com.ashokvarma.bottomnavigation.BottomNavigationBar.MODE_FIXED, com.ashokvarma.bottomnavigation.BottomNavigationBar.MODE_SHIFTING}" />
    </annotation>
  </item>
  <item name="com.ashokvarma.bottomnavigation.BottomNavigationBar mBackgroundStyle">
    <annotation name="android.support.annotation.IntDef">
      <val name="value" val="{com.ashokvarma.bottomnavigation.BottomNavigationBar.BACKGROUND_STYLE_DEFAULT, com.ashokvarma.bottomnavigation.BottomNavigationBar.BACKGROUND_STYLE_STATIC, com.ashokvarma.bottomnavigation.BottomNavigationBar.BACKGROUND_STYLE_RIPPLE}" />
    </annotation>
  </item>
  <item name="com.ashokvarma.bottomnavigation.BottomNavigationBar mMode">
    <annotation name="android.support.annotation.IntDef">
      <val name="value" val="{com.ashokvarma.bottomnavigation.BottomNavigationBar.MODE_DEFAULT, com.ashokvarma.bottomnavigation.BottomNavigationBar.MODE_FIXED, com.ashokvarma.bottomnavigation.BottomNavigationBar.MODE_SHIFTING}" />
    </annotation>
  </item>
  <item name="com.ashokvarma.bottomnavigation.BottomNavigationBar void setFab(android.support.design.widget.FloatingActionButton, int) 1">
    <annotation name="android.support.annotation.IntDef">
      <val name="value" val="{com.ashokvarma.bottomnavigation.BottomNavigationBar.FAB_BEHAVIOUR_TRANSLATE_AND_STICK, com.ashokvarma.bottomnavigation.BottomNavigationBar.FAB_BEHAVIOUR_DISAPPEAR, com.ashokvarma.bottomnavigation.BottomNavigationBar.FAB_BEHAVIOUR_TRANSLATE_OUT}" />
    </annotation>
  </item>
</root>

